{"cameraMode":{"drawMode":0,"name":"Shaded","section":"Shading Mode"},"sceneLighting":true,"audioPlay":false,"sceneViewState":{"m_AlwaysRefresh":false,"showFog":true,"showSkybox":true,"showFlares":true,"showImageEffects":true,"showParticleSystems":true,"showVisualEffectGraphs":true,"m_FxEnabled":true},"in2DMode":false,"pivot":{"x":16.68842315673828,"y":17.417518615722658,"z":-9.043684005737305},"rotation":{"x":0.31853458285331728,"y":-0.6490813493728638,"z":0.34562864899635317,"w":0.5981677770614624},"size":5.2848639488220219,"orthographic":false}